{
  "lang":"en",
  "name":"pipeline",
  "version":"0.0.0",
  "spacy_version":">=3.3.0,<3.4.0",
  "description":"",
  "author":"",
  "email":"",
  "url":"",
  "license":"",
  "spacy_git_version":"497a708c7",
  "vectors":{
    "width":300,
    "vectors":342918,
    "keys":684830,
    "name":"en_vectors",
    "mode":"default"
  },
  "labels":{
    "tok2vec":[

    ],
    "ner":[
      "ACCESSORIES",
      "BEAUTY",
      "BOTTOMS",
      "COLOR",
      "GENDER",
      "HOME",
      "OTHERS",
      "OTHER_CLOTHING",
      "PATTERN",
      "SHOES",
      "SIZE",
      "TOPS"
    ]
  },
  "pipeline":[
    "tok2vec",
    "ner"
  ],
  "components":[
    "tok2vec",
    "ner"
  ],
  "disabled":[

  ],
  "performance":{
    "ents_f":0.9629689261,
    "ents_p":0.9625556569,
    "ents_r":0.9633825503,
    "ents_per_type":{
      "TOPS":{
        "p":0.9772727273,
        "r":0.9546528106,
        "f":0.9658303465
      },
      "SIZE":{
        "p":0.945389436,
        "r":0.9656181419,
        "f":0.9553967249
      },
      "PATTERN":{
        "p":0.9533941236,
        "r":0.9791883455,
        "f":0.9661190965
      },
      "ACCESSORIES":{
        "p":0.9786787836,
        "r":0.9675190048,
        "f":0.9730668983
      },
      "GENDER":{
        "p":1.0,
        "r":0.9940334129,
        "f":0.9970077798
      },
      "BOTTOMS":{
        "p":0.9763033175,
        "r":0.9716981132,
        "f":0.9739952719
      },
      "COLOR":{
        "p":0.9458405546,
        "r":0.9659292035,
        "f":0.9557793345
      },
      "BEAUTY":{
        "p":1.0,
        "r":0.8985507246,
        "f":0.9465648855
      },
      "OTHERS":{
        "p":1.0,
        "r":0.8319838057,
        "f":0.9082872928
      },
      "OTHER_CLOTHING":{
        "p":0.9670542636,
        "r":0.9468690702,
        "f":0.9568552253
      },
      "SHOES":{
        "p":0.964527027,
        "r":0.9727427598,
        "f":0.9686174724
      },
      "HOME":{
        "p":1.0,
        "r":0.9537037037,
        "f":0.9763033175
      }
    },
    "tok2vec_loss":1299.5407390756,
    "ner_loss":358.7430179207
  }
}